run,algorithm,classifier,uid,Acc.,Bal. Acc.,Kappa,clf_fit_time,preprocess_fit_time,hyperparameters,duplicated
0,None,lda,1,0.9027777777777778,0.9027777777777777,0.8055555555555556,0.9380359649658203,3.5141093730926514,"{'n_components': 1, 'selected_features': [0, 0, 1, 1, 0, 0, 0, 0, 0, 1, 0, 1, 0, 0, 0, 1, 0, 0, 0, 1, 0, 0, 0, 0, 0, 0, 0, 1, 0, 0, 0, 0, 0, 1, 0, 0, 0, 0, 0, 0, 0, 0, 0, 0]}",0
0,ORICA (0),lda,1,0.5416666666666666,0.5416666666666666,0.08333333333333337,0.04293251037597656,0.03339242935180664,"{'n_components': 1, 'selected_features': [1, 0]}",0
0,ORICA (1),lda,1,0.5694444444444444,0.5694444444444444,0.13888888888888884,0.04893779754638672,0.03307795524597168,"{'n_components': 1, 'selected_features': [1, 0]}",0
0,Ext. Infomax,lda,1,0.8611111111111112,0.8611111111111112,0.7222222222222222,0.03347206115722656,1.5198633670806885,"{'n_components': 1, 'selected_features': [0, 0, 0, 0, 1, 0, 1, 0, 0, 0, 0, 0, 0, 1, 0, 0, 0, 0, 0, 0, 0, 0, 0, 0, 0, 1, 0, 0, 0, 0, 0, 0, 0, 0, 0, 0, 0, 0, 0, 0, 0, 0, 0, 0]}",0
1,Ext. Infomax,lda,1,0.875,0.875,0.75,0.032698869705200195,1.3402330875396729,"{'n_components': 1, 'selected_features': [0, 0, 0, 1, 0, 0, 0, 0, 0, 0, 0, 0, 0, 0, 0, 0, 0, 0, 0, 1, 0, 1, 0, 0, 0, 0, 0, 0, 0, 0, 0, 0, 0, 0, 0, 0, 0, 0, 0, 0, 0, 0, 0, 0]}",0
2,Ext. Infomax,lda,1,0.8888888888888888,0.8888888888888888,0.7777777777777778,0.03292036056518555,1.6006085872650146,"{'n_components': 1, 'selected_features': [0, 0, 0, 0, 0, 1, 0, 0, 0, 0, 0, 0, 0, 0, 0, 0, 0, 0, 0, 1, 1, 1, 0, 0, 0, 0, 0, 0, 0, 0, 0, 0, 0, 0, 0, 0, 0, 0, 0, 0, 0, 0, 0, 0]}",0
0,SOBI,lda,1,0.8888888888888888,0.8888888888888888,0.7777777777777778,0.03310108184814453,2.0645272731781006,"{'n_components': 1, 'selected_features': [0, 0, 0, 0, 0, 0, 0, 0, 0, 0, 0, 0, 0, 0, 1, 1, 0, 0, 0, 0, 0, 0, 1, 0, 0, 0, 0, 0, 0, 0, 0, 1, 0, 0, 0, 0, 0, 0, 1, 0, 0, 1, 0, 0]}",0
0,FastICA,lda,1,0.8888888888888888,0.8888888888888888,0.7777777777777778,0.037276268005371094,1.4987156391143799,"{'n_components': 1, 'selected_features': [0, 0, 0, 0, 0, 0, 1, 0, 0, 0, 0, 0, 0, 0, 0, 0, 0, 0, 0, 0, 0, 1, 0, 0, 0, 1, 0, 0, 0, 0, 0, 0, 0, 0, 0, 0, 0, 0, 0, 1, 0, 0, 0, 0]}",0
1,FastICA,lda,1,0.9305555555555556,0.9305555555555556,0.8611111111111112,0.033357858657836914,1.5167806148529053,"{'n_components': 1, 'selected_features': [0, 0, 0, 0, 0, 0, 0, 0, 0, 0, 1, 0, 0, 0, 0, 1, 0, 0, 0, 0, 0, 0, 0, 1, 0, 0, 0, 0, 0, 0, 0, 0, 0, 1, 0, 0, 0, 0, 0, 0, 0, 0, 0, 0]}",0
2,FastICA,lda,1,0.8888888888888888,0.8888888888888888,0.7777777777777778,0.032297372817993164,1.1951179504394531,"{'n_components': 1, 'selected_features': [0, 0, 0, 0, 0, 0, 1, 0, 0, 0, 0, 0, 0, 0, 0, 0, 0, 0, 0, 0, 0, 0, 0, 1, 0, 0, 0, 1, 0, 0, 0, 0, 0, 0, 0, 0, 0, 0, 0, 0, 0, 0, 0, 0]}",0
0,picard_o,lda,1,0.8888888888888888,0.8888888888888888,0.7777777777777778,0.03267216682434082,1.1661086082458496,"{'n_components': 1, 'selected_features': [0, 0, 0, 0, 0, 0, 0, 0, 0, 0, 0, 0, 0, 0, 0, 1, 0, 1, 0, 0, 0, 0, 0, 0, 0, 0, 0, 1, 0, 0, 0, 0, 0, 0, 0, 0, 0, 0, 0, 0, 0, 0, 0, 0]}",0
1,picard_o,lda,1,0.8888888888888888,0.8888888888888888,0.7777777777777778,0.03259706497192383,1.4551243782043457,"{'n_components': 1, 'selected_features': [1, 0, 0, 0, 0, 0, 0, 0, 0, 0, 0, 0, 1, 0, 0, 0, 0, 1, 0, 0, 0, 0, 0, 0, 0, 1, 0, 0, 0, 0, 0, 0, 0, 0, 0, 0, 0, 0, 0, 0, 0, 0, 0, 0]}",0
2,picard_o,lda,1,0.8611111111111112,0.8611111111111112,0.7222222222222222,0.03255915641784668,1.4592039585113525,"{'n_components': 1, 'selected_features': [0, 0, 0, 0, 0, 0, 1, 0, 0, 0, 0, 1, 0, 0, 0, 0, 0, 0, 0, 0, 0, 0, 0, 0, 0, 1, 0, 0, 0, 0, 0, 0, 0, 0, 0, 0, 0, 0, 0, 0, 0, 1, 0, 0]}",0
1,None,lda,1,0.9027777777777778,0.9027777777777777,0.8055555555555556,0.9380359649658203,3.5141093730926514,"{'n_components': 1, 'selected_features': [0, 0, 1, 1, 0, 0, 0, 0, 0, 1, 0, 1, 0, 0, 0, 1, 0, 0, 0, 1, 0, 0, 0, 0, 0, 0, 0, 1, 0, 0, 0, 0, 0, 1, 0, 0, 0, 0, 0, 0, 0, 0, 0, 0]}",1
2,None,lda,1,0.9027777777777778,0.9027777777777777,0.8055555555555556,0.9380359649658203,3.5141093730926514,"{'n_components': 1, 'selected_features': [0, 0, 1, 1, 0, 0, 0, 0, 0, 1, 0, 1, 0, 0, 0, 1, 0, 0, 0, 1, 0, 0, 0, 0, 0, 0, 0, 1, 0, 0, 0, 0, 0, 1, 0, 0, 0, 0, 0, 0, 0, 0, 0, 0]}",1
1,ORICA (0),lda,1,0.5416666666666666,0.5416666666666666,0.08333333333333337,0.04293251037597656,0.03339242935180664,"{'n_components': 1, 'selected_features': [1, 0]}",1
2,ORICA (0),lda,1,0.5416666666666666,0.5416666666666666,0.08333333333333337,0.04293251037597656,0.03339242935180664,"{'n_components': 1, 'selected_features': [1, 0]}",1
1,ORICA (1),lda,1,0.5694444444444444,0.5694444444444444,0.13888888888888884,0.04893779754638672,0.03307795524597168,"{'n_components': 1, 'selected_features': [1, 0]}",1
2,ORICA (1),lda,1,0.5694444444444444,0.5694444444444444,0.13888888888888884,0.04893779754638672,0.03307795524597168,"{'n_components': 1, 'selected_features': [1, 0]}",1
1,SOBI,lda,1,0.8888888888888888,0.8888888888888888,0.7777777777777778,0.03310108184814453,2.0645272731781006,"{'n_components': 1, 'selected_features': [0, 0, 0, 0, 0, 0, 0, 0, 0, 0, 0, 0, 0, 0, 1, 1, 0, 0, 0, 0, 0, 0, 1, 0, 0, 0, 0, 0, 0, 0, 0, 1, 0, 0, 0, 0, 0, 0, 1, 0, 0, 1, 0, 0]}",1
2,SOBI,lda,1,0.8888888888888888,0.8888888888888888,0.7777777777777778,0.03310108184814453,2.0645272731781006,"{'n_components': 1, 'selected_features': [0, 0, 0, 0, 0, 0, 0, 0, 0, 0, 0, 0, 0, 0, 1, 1, 0, 0, 0, 0, 0, 0, 1, 0, 0, 0, 0, 0, 0, 0, 0, 1, 0, 0, 0, 0, 0, 0, 1, 0, 0, 1, 0, 0]}",1
0,None,lda,2,0.6666666666666666,0.6666666666666666,0.33333333333333337,0.03266310691833496,1.1756603717803955,"{'n_components': 1, 'selected_features': [1, 0, 0, 0, 0, 0, 0, 0, 0, 0, 0, 0, 0, 0, 0, 0, 1, 0, 0, 0, 1, 0, 0, 0, 0, 0, 0, 0, 0, 0, 0, 0, 0, 0, 0, 0, 0, 0, 0, 0, 0, 0, 0, 0]}",0
0,ORICA (0),lda,2,0.5277777777777778,0.5277777777777778,0.05555555555555558,0.05194878578186035,0.03286123275756836,"{'n_components': 1, 'selected_features': [0, 1]}",0
0,ORICA (1),lda,2,0.5,0.5,0.0,0.04333853721618652,0.035482168197631836,"{'n_components': 1, 'selected_features': [1, 0]}",0
0,Ext. Infomax,lda,2,0.7638888888888888,0.7638888888888888,0.5277777777777778,0.03408932685852051,1.548217535018921,"{'n_components': 1, 'selected_features': [0, 0, 0, 0, 0, 0, 0, 0, 0, 0, 0, 0, 0, 0, 1, 0, 0, 0, 0, 0, 0, 1, 0, 0, 0, 0, 0, 0, 0, 0, 0, 0, 0, 1, 0, 0, 0, 0, 0, 0, 0, 0, 1, 0]}",0
1,Ext. Infomax,lda,2,0.7083333333333334,0.7083333333333333,0.41666666666666663,0.032846689224243164,2.0440194606781006,"{'n_components': 1, 'selected_features': [1, 0, 0, 0, 0, 0, 0, 0, 0, 0, 0, 0, 0, 0, 0, 0, 1, 0, 0, 0, 0, 0, 1, 0, 0, 0, 0, 0, 0, 1, 0, 0, 0, 0, 0, 0, 0, 0, 1, 0, 1, 0, 0, 0]}",0
2,Ext. Infomax,lda,2,0.75,0.75,0.5,0.033336639404296875,1.7382104396820068,"{'n_components': 1, 'selected_features': [0, 0, 0, 0, 0, 1, 0, 0, 0, 0, 0, 0, 1, 1, 0, 0, 0, 0, 0, 0, 0, 0, 0, 0, 0, 1, 0, 0, 0, 0, 0, 0, 0, 0, 0, 0, 0, 0, 0, 0, 1, 0, 0, 0]}",0
0,SOBI,lda,2,0.8194444444444444,0.8194444444444444,0.6388888888888888,0.033187150955200195,2.096311569213867,"{'n_components': 1, 'selected_features': [0, 0, 0, 0, 0, 0, 0, 0, 0, 1, 1, 0, 0, 0, 0, 0, 0, 0, 0, 0, 0, 0, 0, 0, 0, 0, 0, 0, 0, 1, 0, 0, 0, 0, 1, 0, 0, 0, 0, 0, 0, 1, 0, 1]}",0
0,FastICA,lda,2,0.7222222222222222,0.7222222222222222,0.4444444444444444,0.0326993465423584,1.453524112701416,"{'n_components': 1, 'selected_features': [0, 0, 0, 0, 0, 0, 0, 1, 0, 0, 0, 0, 0, 0, 1, 0, 0, 0, 0, 0, 0, 0, 0, 0, 0, 0, 0, 0, 0, 1, 0, 0, 0, 0, 0, 0, 0, 0, 0, 0, 0, 0, 1, 0]}",0
1,FastICA,lda,2,0.6805555555555556,0.6805555555555556,0.36111111111111116,0.035550594329833984,0.6039416790008545,"{'n_components': 1, 'selected_features': [0, 0, 0, 0, 0, 0, 0, 0, 0, 0, 0, 0, 0, 0, 0, 0, 0, 0, 0, 0, 0, 0, 0, 0, 0, 0, 1, 0, 0, 0, 0, 0, 0, 0, 0, 0, 0, 0, 0, 0, 0, 0, 0, 0]}",0
2,FastICA,lda,2,0.6805555555555556,0.6805555555555556,0.36111111111111116,0.03288602828979492,1.4568531513214111,"{'n_components': 1, 'selected_features': [0, 0, 0, 0, 0, 0, 0, 0, 0, 1, 0, 0, 0, 0, 0, 0, 0, 0, 1, 0, 0, 0, 0, 0, 0, 0, 0, 0, 0, 0, 0, 0, 0, 0, 0, 0, 0, 0, 0, 0, 1, 0, 0, 1]}",0
0,picard_o,lda,2,0.7083333333333334,0.7083333333333333,0.41666666666666663,0.03346562385559082,1.1967689990997314,"{'n_components': 1, 'selected_features': [0, 0, 0, 0, 0, 0, 0, 0, 0, 0, 0, 0, 0, 0, 0, 1, 1, 0, 0, 0, 0, 1, 0, 0, 0, 0, 0, 0, 0, 0, 0, 0, 0, 0, 0, 0, 0, 0, 0, 0, 0, 0, 0, 0]}",0
1,picard_o,lda,2,0.75,0.75,0.5,0.0325624942779541,1.5903501510620117,"{'n_components': 1, 'selected_features': [0, 1, 0, 0, 0, 0, 0, 0, 0, 0, 0, 0, 1, 0, 0, 0, 0, 0, 0, 0, 0, 0, 0, 0, 0, 0, 0, 0, 0, 0, 0, 0, 1, 1, 0, 0, 0, 0, 0, 0, 0, 0, 0, 0]}",0
2,picard_o,lda,2,0.75,0.75,0.5,0.03995847702026367,1.8872144222259521,"{'n_components': 1, 'selected_features': [0, 1, 0, 0, 0, 0, 0, 0, 0, 0, 0, 0, 1, 0, 0, 0, 0, 0, 0, 0, 0, 0, 0, 0, 0, 0, 0, 0, 0, 0, 0, 0, 1, 1, 0, 0, 0, 0, 0, 0, 0, 0, 0, 0]}",0
1,None,lda,2,0.6666666666666666,0.6666666666666666,0.33333333333333337,0.03266310691833496,1.1756603717803955,"{'n_components': 1, 'selected_features': [1, 0, 0, 0, 0, 0, 0, 0, 0, 0, 0, 0, 0, 0, 0, 0, 1, 0, 0, 0, 1, 0, 0, 0, 0, 0, 0, 0, 0, 0, 0, 0, 0, 0, 0, 0, 0, 0, 0, 0, 0, 0, 0, 0]}",1
2,None,lda,2,0.6666666666666666,0.6666666666666666,0.33333333333333337,0.03266310691833496,1.1756603717803955,"{'n_components': 1, 'selected_features': [1, 0, 0, 0, 0, 0, 0, 0, 0, 0, 0, 0, 0, 0, 0, 0, 1, 0, 0, 0, 1, 0, 0, 0, 0, 0, 0, 0, 0, 0, 0, 0, 0, 0, 0, 0, 0, 0, 0, 0, 0, 0, 0, 0]}",1
1,ORICA (0),lda,2,0.5277777777777778,0.5277777777777778,0.05555555555555558,0.05194878578186035,0.03286123275756836,"{'n_components': 1, 'selected_features': [0, 1]}",1
2,ORICA (0),lda,2,0.5277777777777778,0.5277777777777778,0.05555555555555558,0.05194878578186035,0.03286123275756836,"{'n_components': 1, 'selected_features': [0, 1]}",1
1,ORICA (1),lda,2,0.5,0.5,0.0,0.04333853721618652,0.035482168197631836,"{'n_components': 1, 'selected_features': [1, 0]}",1
2,ORICA (1),lda,2,0.5,0.5,0.0,0.04333853721618652,0.035482168197631836,"{'n_components': 1, 'selected_features': [1, 0]}",1
1,SOBI,lda,2,0.8194444444444444,0.8194444444444444,0.6388888888888888,0.033187150955200195,2.096311569213867,"{'n_components': 1, 'selected_features': [0, 0, 0, 0, 0, 0, 0, 0, 0, 1, 1, 0, 0, 0, 0, 0, 0, 0, 0, 0, 0, 0, 0, 0, 0, 0, 0, 0, 0, 1, 0, 0, 0, 0, 1, 0, 0, 0, 0, 0, 0, 1, 0, 1]}",1
2,SOBI,lda,2,0.8194444444444444,0.8194444444444444,0.6388888888888888,0.033187150955200195,2.096311569213867,"{'n_components': 1, 'selected_features': [0, 0, 0, 0, 0, 0, 0, 0, 0, 1, 1, 0, 0, 0, 0, 0, 0, 0, 0, 0, 0, 0, 0, 0, 0, 0, 0, 0, 0, 1, 0, 0, 0, 0, 1, 0, 0, 0, 0, 0, 0, 1, 0, 1]}",1
0,None,lda,3,0.9583333333333334,0.9583333333333333,0.9166666666666666,0.03935670852661133,1.3243811130523682,"{'n_components': 1, 'selected_features': [0, 0, 0, 0, 0, 0, 0, 0, 0, 0, 0, 0, 0, 0, 1, 0, 0, 0, 0, 0, 0, 0, 1, 0, 0, 0, 0, 0, 0, 0, 0, 0, 0, 0, 0, 0, 0, 0, 0, 0, 0, 0, 0, 1]}",0
0,ORICA (0),lda,3,0.625,0.625,0.25,0.05023193359375,0.02392721176147461,"{'n_components': 1, 'selected_features': [1, 0]}",0
0,ORICA (1),lda,3,0.5138888888888888,0.5138888888888888,0.02777777777777779,0.053247690200805664,0.032485246658325195,"{'n_components': 1, 'selected_features': [1, 0]}",0
0,Ext. Infomax,lda,3,0.9722222222222222,0.9722222222222222,0.9444444444444444,0.03370523452758789,1.176299810409546,"{'n_components': 1, 'selected_features': [0, 0, 0, 1, 0, 0, 0, 0, 0, 0, 1, 0, 1, 0, 0, 0, 0, 0, 0, 0, 0, 0, 0, 0, 0, 0, 0, 0, 0, 0, 0, 0, 0, 0, 0, 0, 0, 0, 0, 0, 0, 0, 0, 0]}",0
1,Ext. Infomax,lda,3,0.9722222222222222,0.9722222222222222,0.9444444444444444,0.03253459930419922,1.1834454536437988,"{'n_components': 1, 'selected_features': [0, 0, 0, 1, 0, 0, 0, 0, 1, 0, 0, 0, 1, 0, 0, 0, 0, 0, 0, 0, 0, 0, 0, 0, 0, 0, 0, 0, 0, 0, 0, 0, 0, 0, 0, 0, 0, 0, 0, 0, 0, 0, 0, 0]}",0
2,Ext. Infomax,lda,3,0.9722222222222222,0.9722222222222222,0.9444444444444444,0.03446030616760254,1.1809234619140625,"{'n_components': 1, 'selected_features': [0, 0, 0, 1, 0, 0, 0, 0, 1, 0, 0, 0, 1, 0, 0, 0, 0, 0, 0, 0, 0, 0, 0, 0, 0, 0, 0, 0, 0, 0, 0, 0, 0, 0, 0, 0, 0, 0, 0, 0, 0, 0, 0, 0]}",0
0,SOBI,lda,3,0.9722222222222222,0.9722222222222222,0.9444444444444444,0.03328251838684082,1.4679973125457764,"{'n_components': 1, 'selected_features': [1, 0, 0, 0, 0, 0, 1, 0, 1, 0, 1, 0, 0, 0, 0, 0, 0, 0, 0, 0, 0, 0, 0, 0, 0, 0, 0, 0, 0, 0, 0, 0, 0, 0, 0, 0, 0, 0, 0, 0, 0, 0, 0, 0]}",0
0,FastICA,lda,3,0.9722222222222222,0.9722222222222222,0.9444444444444444,0.035974740982055664,1.232001543045044,"{'n_components': 1, 'selected_features': [0, 0, 0, 1, 0, 0, 0, 0, 0, 0, 1, 0, 1, 0, 0, 0, 0, 0, 0, 0, 0, 0, 0, 0, 0, 0, 0, 0, 0, 0, 0, 0, 0, 0, 0, 0, 0, 0, 0, 0, 0, 0, 0, 0]}",0
1,FastICA,lda,3,0.9722222222222222,0.9722222222222222,0.9444444444444444,0.03309464454650879,1.3609719276428223,"{'n_components': 1, 'selected_features': [0, 0, 0, 1, 0, 0, 0, 0, 0, 0, 1, 0, 1, 0, 0, 0, 0, 0, 0, 0, 0, 0, 0, 0, 0, 0, 0, 0, 0, 0, 0, 0, 0, 0, 0, 0, 0, 0, 0, 0, 0, 0, 0, 0]}",0
2,FastICA,lda,3,0.9722222222222222,0.9722222222222222,0.9444444444444444,0.03268718719482422,1.1766414642333984,"{'n_components': 1, 'selected_features': [0, 0, 0, 0, 0, 1, 0, 0, 0, 0, 1, 0, 0, 0, 1, 0, 0, 0, 0, 0, 0, 0, 0, 0, 0, 0, 0, 0, 0, 0, 0, 0, 0, 0, 0, 0, 0, 0, 0, 0, 0, 0, 0, 0]}",0
0,picard_o,lda,3,0.9722222222222222,0.9722222222222222,0.9444444444444444,0.033641815185546875,1.1848931312561035,"{'n_components': 1, 'selected_features': [0, 0, 0, 1, 0, 0, 0, 0, 1, 0, 0, 0, 1, 0, 0, 0, 0, 0, 0, 0, 0, 0, 0, 0, 0, 0, 0, 0, 0, 0, 0, 0, 0, 0, 0, 0, 0, 0, 0, 0, 0, 0, 0, 0]}",0
1,picard_o,lda,3,0.9722222222222222,0.9722222222222222,0.9444444444444444,0.03423500061035156,1.1836493015289307,"{'n_components': 1, 'selected_features': [0, 0, 0, 0, 0, 1, 0, 0, 1, 0, 0, 0, 1, 0, 0, 0, 0, 0, 0, 0, 0, 0, 0, 0, 0, 0, 0, 0, 0, 0, 0, 0, 0, 0, 0, 0, 0, 0, 0, 0, 0, 0, 0, 0]}",0
2,picard_o,lda,3,0.9722222222222222,0.9722222222222222,0.9444444444444444,0.03260374069213867,1.3143696784973145,"{'n_components': 1, 'selected_features': [0, 0, 0, 0, 0, 1, 0, 0, 0, 0, 1, 0, 1, 0, 0, 0, 0, 0, 0, 0, 0, 0, 0, 0, 0, 0, 0, 0, 0, 0, 0, 0, 0, 0, 0, 0, 0, 0, 0, 0, 0, 0, 0, 0]}",0
1,None,lda,3,0.9583333333333334,0.9583333333333333,0.9166666666666666,0.03935670852661133,1.3243811130523682,"{'n_components': 1, 'selected_features': [0, 0, 0, 0, 0, 0, 0, 0, 0, 0, 0, 0, 0, 0, 1, 0, 0, 0, 0, 0, 0, 0, 1, 0, 0, 0, 0, 0, 0, 0, 0, 0, 0, 0, 0, 0, 0, 0, 0, 0, 0, 0, 0, 1]}",1
2,None,lda,3,0.9583333333333334,0.9583333333333333,0.9166666666666666,0.03935670852661133,1.3243811130523682,"{'n_components': 1, 'selected_features': [0, 0, 0, 0, 0, 0, 0, 0, 0, 0, 0, 0, 0, 0, 1, 0, 0, 0, 0, 0, 0, 0, 1, 0, 0, 0, 0, 0, 0, 0, 0, 0, 0, 0, 0, 0, 0, 0, 0, 0, 0, 0, 0, 1]}",1
1,ORICA (0),lda,3,0.625,0.625,0.25,0.05023193359375,0.02392721176147461,"{'n_components': 1, 'selected_features': [1, 0]}",1
2,ORICA (0),lda,3,0.625,0.625,0.25,0.05023193359375,0.02392721176147461,"{'n_components': 1, 'selected_features': [1, 0]}",1
1,ORICA (1),lda,3,0.5138888888888888,0.5138888888888888,0.02777777777777779,0.053247690200805664,0.032485246658325195,"{'n_components': 1, 'selected_features': [1, 0]}",1
2,ORICA (1),lda,3,0.5138888888888888,0.5138888888888888,0.02777777777777779,0.053247690200805664,0.032485246658325195,"{'n_components': 1, 'selected_features': [1, 0]}",1
1,SOBI,lda,3,0.9722222222222222,0.9722222222222222,0.9444444444444444,0.03328251838684082,1.4679973125457764,"{'n_components': 1, 'selected_features': [1, 0, 0, 0, 0, 0, 1, 0, 1, 0, 1, 0, 0, 0, 0, 0, 0, 0, 0, 0, 0, 0, 0, 0, 0, 0, 0, 0, 0, 0, 0, 0, 0, 0, 0, 0, 0, 0, 0, 0, 0, 0, 0, 0]}",1
2,SOBI,lda,3,0.9722222222222222,0.9722222222222222,0.9444444444444444,0.03328251838684082,1.4679973125457764,"{'n_components': 1, 'selected_features': [1, 0, 0, 0, 0, 0, 1, 0, 1, 0, 1, 0, 0, 0, 0, 0, 0, 0, 0, 0, 0, 0, 0, 0, 0, 0, 0, 0, 0, 0, 0, 0, 0, 0, 0, 0, 0, 0, 0, 0, 0, 0, 0, 0]}",1
0,None,lda,4,0.6111111111111112,0.6111111111111112,0.2222222222222222,0.04476141929626465,1.3114428520202637,"{'n_components': 1, 'selected_features': [0, 0, 0, 0, 1, 0, 0, 0, 0, 1, 0, 0, 0, 0, 0, 0, 0, 0, 0, 0, 0, 0, 0, 0, 0, 0, 0, 0, 0, 0, 0, 0, 0, 0, 0, 0, 0, 0, 0, 0, 0, 0, 0, 0]}",0
0,ORICA (0),lda,4,0.5972222222222222,0.5972222222222222,0.19444444444444442,0.042318105697631836,0.032140493392944336,"{'n_components': 1, 'selected_features': [1, 0]}",0
0,ORICA (1),lda,4,0.5,0.5,0.0,0.040136098861694336,0.03290867805480957,"{'n_components': 1, 'selected_features': [0, 1]}",0
0,Ext. Infomax,lda,4,0.7222222222222222,0.7222222222222223,0.4444444444444444,0.032573699951171875,0.5996489524841309,"{'n_components': 1, 'selected_features': [0, 0, 0, 0, 0, 0, 0, 0, 0, 0, 0, 0, 0, 0, 0, 0, 0, 0, 0, 0, 0, 0, 0, 0, 0, 0, 0, 0, 0, 0, 0, 0, 0, 1, 0, 0, 0, 0, 0, 0, 0, 0, 0, 0]}",0
1,Ext. Infomax,lda,4,0.875,0.875,0.75,0.033425331115722656,1.766355037689209,"{'n_components': 1, 'selected_features': [0, 0, 0, 0, 0, 0, 0, 0, 0, 0, 1, 0, 0, 0, 0, 0, 0, 1, 0, 0, 0, 0, 0, 1, 0, 0, 0, 0, 0, 0, 1, 0, 0, 0, 0, 0, 0, 0, 0, 0, 0, 0, 1, 0]}",0
2,Ext. Infomax,lda,4,0.7916666666666666,0.7916666666666667,0.5833333333333333,0.039227962493896484,1.3108668327331543,"{'n_components': 1, 'selected_features': [0, 0, 0, 0, 0, 0, 0, 0, 1, 0, 0, 0, 0, 0, 0, 0, 0, 0, 0, 0, 0, 1, 0, 0, 0, 0, 0, 0, 0, 1, 0, 0, 0, 0, 0, 0, 0, 0, 0, 0, 0, 0, 0, 0]}",0
0,SOBI,lda,4,0.7916666666666666,0.7916666666666667,0.5833333333333333,0.03394889831542969,1.5090556144714355,"{'n_components': 1, 'selected_features': [0, 0, 0, 0, 0, 0, 0, 1, 0, 1, 0, 0, 0, 1, 0, 0, 0, 0, 0, 0, 0, 0, 0, 1, 0, 0, 0, 0, 0, 0, 0, 0, 0, 0, 0, 0, 0, 0, 0, 0, 0, 0, 0, 0]}",0
0,FastICA,lda,4,0.8333333333333334,0.8333333333333334,0.6666666666666667,0.033219099044799805,1.508349895477295,"{'n_components': 1, 'selected_features': [1, 0, 0, 0, 0, 0, 0, 0, 1, 0, 0, 0, 1, 0, 0, 0, 0, 0, 0, 0, 0, 0, 0, 0, 0, 0, 0, 0, 0, 0, 0, 0, 0, 1, 0, 0, 0, 0, 0, 0, 0, 0, 0, 0]}",0
1,FastICA,lda,4,0.8055555555555556,0.8055555555555556,0.6111111111111112,0.03244972229003906,1.5442018508911133,"{'n_components': 1, 'selected_features': [1, 0, 0, 0, 0, 0, 0, 0, 1, 0, 0, 0, 0, 0, 1, 0, 0, 0, 0, 0, 0, 0, 0, 0, 0, 0, 0, 0, 0, 0, 0, 0, 0, 0, 1, 0, 0, 0, 0, 0, 0, 0, 0, 0]}",0
2,FastICA,lda,4,0.8611111111111112,0.8611111111111112,0.7222222222222222,0.032572269439697266,2.375545024871826,"{'n_components': 1, 'selected_features': [1, 0, 0, 0, 0, 1, 1, 0, 0, 0, 0, 0, 1, 0, 0, 0, 0, 1, 0, 0, 1, 1, 0, 0, 0, 0, 0, 0, 0, 0, 0, 0, 0, 0, 0, 0, 0, 0, 0, 0, 0, 0, 0, 0]}",0
0,picard_o,lda,4,0.8333333333333334,0.8333333333333333,0.6666666666666667,0.03260445594787598,1.2032685279846191,"{'n_components': 1, 'selected_features': [0, 0, 0, 0, 0, 0, 0, 1, 0, 0, 1, 0, 0, 0, 0, 0, 0, 0, 0, 0, 0, 0, 0, 0, 0, 0, 0, 0, 0, 0, 0, 1, 0, 0, 0, 0, 0, 0, 0, 0, 0, 0, 0, 0]}",0
1,picard_o,lda,4,0.875,0.875,0.75,0.034787654876708984,1.9964187145233154,"{'n_components': 1, 'selected_features': [0, 0, 0, 0, 0, 1, 1, 0, 1, 0, 0, 0, 0, 0, 0, 0, 0, 0, 0, 0, 0, 0, 0, 0, 0, 1, 0, 1, 1, 0, 0, 0, 0, 0, 0, 0, 0, 0, 0, 0, 0, 0, 0, 0]}",0
2,picard_o,lda,4,0.875,0.875,0.75,0.033507585525512695,2.0660459995269775,"{'n_components': 1, 'selected_features': [0, 0, 0, 0, 0, 1, 1, 0, 1, 0, 0, 0, 0, 0, 0, 0, 0, 0, 0, 0, 0, 0, 0, 0, 0, 1, 0, 1, 1, 0, 0, 0, 0, 0, 0, 0, 0, 0, 0, 0, 0, 0, 0, 0]}",0
1,None,lda,4,0.6111111111111112,0.6111111111111112,0.2222222222222222,0.04476141929626465,1.3114428520202637,"{'n_components': 1, 'selected_features': [0, 0, 0, 0, 1, 0, 0, 0, 0, 1, 0, 0, 0, 0, 0, 0, 0, 0, 0, 0, 0, 0, 0, 0, 0, 0, 0, 0, 0, 0, 0, 0, 0, 0, 0, 0, 0, 0, 0, 0, 0, 0, 0, 0]}",1
2,None,lda,4,0.6111111111111112,0.6111111111111112,0.2222222222222222,0.04476141929626465,1.3114428520202637,"{'n_components': 1, 'selected_features': [0, 0, 0, 0, 1, 0, 0, 0, 0, 1, 0, 0, 0, 0, 0, 0, 0, 0, 0, 0, 0, 0, 0, 0, 0, 0, 0, 0, 0, 0, 0, 0, 0, 0, 0, 0, 0, 0, 0, 0, 0, 0, 0, 0]}",1
1,ORICA (0),lda,4,0.5972222222222222,0.5972222222222222,0.19444444444444442,0.042318105697631836,0.032140493392944336,"{'n_components': 1, 'selected_features': [1, 0]}",1
2,ORICA (0),lda,4,0.5972222222222222,0.5972222222222222,0.19444444444444442,0.042318105697631836,0.032140493392944336,"{'n_components': 1, 'selected_features': [1, 0]}",1
1,ORICA (1),lda,4,0.5,0.5,0.0,0.040136098861694336,0.03290867805480957,"{'n_components': 1, 'selected_features': [0, 1]}",1
2,ORICA (1),lda,4,0.5,0.5,0.0,0.040136098861694336,0.03290867805480957,"{'n_components': 1, 'selected_features': [0, 1]}",1
1,SOBI,lda,4,0.7916666666666666,0.7916666666666667,0.5833333333333333,0.03394889831542969,1.5090556144714355,"{'n_components': 1, 'selected_features': [0, 0, 0, 0, 0, 0, 0, 1, 0, 1, 0, 0, 0, 1, 0, 0, 0, 0, 0, 0, 0, 0, 0, 1, 0, 0, 0, 0, 0, 0, 0, 0, 0, 0, 0, 0, 0, 0, 0, 0, 0, 0, 0, 0]}",1
2,SOBI,lda,4,0.7916666666666666,0.7916666666666667,0.5833333333333333,0.03394889831542969,1.5090556144714355,"{'n_components': 1, 'selected_features': [0, 0, 0, 0, 0, 0, 0, 1, 0, 1, 0, 0, 0, 1, 0, 0, 0, 0, 0, 0, 0, 0, 0, 1, 0, 0, 0, 0, 0, 0, 0, 0, 0, 0, 0, 0, 0, 0, 0, 0, 0, 0, 0, 0]}",1
0,None,lda,5,0.625,0.625,0.25,0.034090280532836914,1.1700842380523682,"{'n_components': 1, 'selected_features': [0, 0, 1, 0, 0, 0, 0, 0, 0, 0, 0, 0, 0, 0, 0, 0, 0, 0, 1, 0, 0, 0, 0, 0, 0, 0, 0, 0, 0, 0, 0, 0, 0, 0, 1, 0, 0, 0, 0, 0, 0, 0, 0, 0]}",0
0,ORICA (0),lda,5,0.4861111111111111,0.4861111111111111,-0.02777777777777768,0.04444432258605957,0.034464120864868164,"{'n_components': 1, 'selected_features': [1, 0]}",0
0,ORICA (1),lda,5,0.5,0.5,0.0,0.04704546928405762,0.03325676918029785,"{'n_components': 1, 'selected_features': [0, 1]}",0
0,Ext. Infomax,lda,5,0.6805555555555556,0.6805555555555556,0.36111111111111116,0.032540082931518555,1.4423699378967285,"{'n_components': 1, 'selected_features': [0, 0, 0, 0, 0, 0, 0, 0, 0, 0, 0, 0, 0, 0, 0, 0, 0, 1, 0, 0, 0, 0, 0, 1, 0, 1, 0, 0, 0, 0, 0, 1, 0, 0, 0, 0, 0, 0, 0, 0, 0, 0, 0, 0]}",0
1,Ext. Infomax,lda,5,0.7361111111111112,0.7361111111111112,0.4722222222222222,0.03283524513244629,0.8795089721679688,"{'n_components': 1, 'selected_features': [0, 0, 0, 0, 0, 0, 0, 0, 0, 0, 0, 0, 0, 1, 0, 0, 0, 1, 0, 0, 0, 0, 0, 0, 0, 0, 0, 0, 0, 0, 0, 0, 0, 0, 0, 0, 0, 0, 0, 0, 0, 0, 0, 0]}",0
2,Ext. Infomax,lda,5,0.6944444444444444,0.6944444444444444,0.38888888888888884,0.03252005577087402,1.174306869506836,"{'n_components': 1, 'selected_features': [0, 0, 0, 0, 0, 0, 0, 1, 0, 1, 0, 0, 0, 0, 0, 0, 0, 0, 0, 0, 1, 0, 0, 0, 0, 0, 0, 0, 0, 0, 0, 0, 0, 0, 0, 0, 0, 0, 0, 0, 0, 0, 0, 0]}",0
0,SOBI,lda,5,0.6388888888888888,0.6388888888888888,0.2777777777777778,0.03282427787780762,0.8863556385040283,"{'n_components': 1, 'selected_features': [0, 0, 0, 1, 0, 0, 0, 0, 0, 1, 0, 0, 0, 0, 0, 0, 0, 0, 0, 0, 0, 0, 0, 0, 0, 0, 0, 0, 0, 0, 0, 0, 0, 0, 0, 0, 0, 0, 0, 0, 0, 0, 0, 0]}",0
0,FastICA,lda,5,0.7083333333333334,0.7083333333333334,0.41666666666666663,0.032907724380493164,0.8816158771514893,"{'n_components': 1, 'selected_features': [0, 0, 0, 0, 0, 0, 0, 1, 0, 0, 0, 0, 0, 0, 0, 0, 0, 0, 0, 0, 0, 0, 0, 0, 0, 0, 0, 0, 0, 0, 1, 0, 0, 0, 0, 0, 0, 0, 0, 0, 0, 0, 0, 0]}",0
1,FastICA,lda,5,0.6527777777777778,0.6527777777777778,0.3055555555555556,0.03231334686279297,0.8816494941711426,"{'n_components': 1, 'selected_features': [0, 0, 0, 0, 0, 0, 0, 0, 0, 1, 0, 0, 0, 0, 0, 0, 0, 0, 0, 0, 0, 0, 0, 0, 0, 0, 0, 0, 0, 0, 0, 0, 0, 0, 1, 0, 0, 0, 0, 0, 0, 0, 0, 0]}",0
2,FastICA,lda,5,0.7222222222222222,0.7222222222222222,0.4444444444444444,0.032579898834228516,1.175851821899414,"{'n_components': 1, 'selected_features': [0, 0, 0, 0, 0, 0, 0, 0, 0, 0, 0, 0, 0, 0, 0, 1, 0, 1, 0, 0, 0, 0, 0, 0, 0, 1, 0, 0, 0, 0, 0, 0, 0, 0, 0, 0, 0, 0, 0, 0, 0, 0, 0, 0]}",0
0,picard_o,lda,5,0.625,0.625,0.25,0.033875465393066406,0.8823981285095215,"{'n_components': 1, 'selected_features': [0, 0, 0, 0, 0, 0, 0, 0, 0, 1, 0, 0, 0, 0, 0, 0, 0, 0, 0, 0, 0, 0, 0, 0, 0, 0, 0, 1, 0, 0, 0, 0, 0, 0, 0, 0, 0, 0, 0, 0, 0, 0, 0, 0]}",0
1,picard_o,lda,5,0.7916666666666666,0.7916666666666667,0.5833333333333333,0.03341174125671387,2.2681496143341064,"{'n_components': 1, 'selected_features': [0, 0, 0, 0, 1, 0, 0, 0, 0, 0, 1, 0, 1, 0, 0, 0, 0, 0, 0, 1, 0, 0, 1, 0, 0, 0, 0, 0, 0, 0, 0, 0, 0, 0, 1, 0, 0, 0, 1, 0, 0, 0, 0, 0]}",0
2,picard_o,lda,5,0.6944444444444444,0.6944444444444444,0.38888888888888884,0.03223061561584473,0.8931634426116943,"{'n_components': 1, 'selected_features': [0, 0, 0, 0, 0, 0, 0, 1, 0, 0, 0, 1, 0, 0, 0, 0, 0, 0, 0, 0, 0, 0, 0, 0, 0, 0, 0, 0, 0, 0, 0, 0, 0, 0, 0, 0, 0, 0, 0, 0, 0, 0, 0, 0]}",0
1,None,lda,5,0.625,0.625,0.25,0.034090280532836914,1.1700842380523682,"{'n_components': 1, 'selected_features': [0, 0, 1, 0, 0, 0, 0, 0, 0, 0, 0, 0, 0, 0, 0, 0, 0, 0, 1, 0, 0, 0, 0, 0, 0, 0, 0, 0, 0, 0, 0, 0, 0, 0, 1, 0, 0, 0, 0, 0, 0, 0, 0, 0]}",1
2,None,lda,5,0.625,0.625,0.25,0.034090280532836914,1.1700842380523682,"{'n_components': 1, 'selected_features': [0, 0, 1, 0, 0, 0, 0, 0, 0, 0, 0, 0, 0, 0, 0, 0, 0, 0, 1, 0, 0, 0, 0, 0, 0, 0, 0, 0, 0, 0, 0, 0, 0, 0, 1, 0, 0, 0, 0, 0, 0, 0, 0, 0]}",1
1,ORICA (0),lda,5,0.4861111111111111,0.4861111111111111,-0.02777777777777768,0.04444432258605957,0.034464120864868164,"{'n_components': 1, 'selected_features': [1, 0]}",1
2,ORICA (0),lda,5,0.4861111111111111,0.4861111111111111,-0.02777777777777768,0.04444432258605957,0.034464120864868164,"{'n_components': 1, 'selected_features': [1, 0]}",1
1,ORICA (1),lda,5,0.5,0.5,0.0,0.04704546928405762,0.03325676918029785,"{'n_components': 1, 'selected_features': [0, 1]}",1
2,ORICA (1),lda,5,0.5,0.5,0.0,0.04704546928405762,0.03325676918029785,"{'n_components': 1, 'selected_features': [0, 1]}",1
1,SOBI,lda,5,0.6388888888888888,0.6388888888888888,0.2777777777777778,0.03282427787780762,0.8863556385040283,"{'n_components': 1, 'selected_features': [0, 0, 0, 1, 0, 0, 0, 0, 0, 1, 0, 0, 0, 0, 0, 0, 0, 0, 0, 0, 0, 0, 0, 0, 0, 0, 0, 0, 0, 0, 0, 0, 0, 0, 0, 0, 0, 0, 0, 0, 0, 0, 0, 0]}",1
2,SOBI,lda,5,0.6388888888888888,0.6388888888888888,0.2777777777777778,0.03282427787780762,0.8863556385040283,"{'n_components': 1, 'selected_features': [0, 0, 0, 1, 0, 0, 0, 0, 0, 1, 0, 0, 0, 0, 0, 0, 0, 0, 0, 0, 0, 0, 0, 0, 0, 0, 0, 0, 0, 0, 0, 0, 0, 0, 0, 0, 0, 0, 0, 0, 0, 0, 0, 0]}",1
0,None,lda,6,0.7916666666666666,0.7916666666666667,0.5833333333333333,0.03227353096008301,1.1686458587646484,"{'n_components': 1, 'selected_features': [0, 0, 0, 1, 0, 0, 0, 0, 0, 0, 0, 0, 0, 0, 0, 0, 0, 0, 0, 1, 0, 1, 0, 0, 0, 0, 0, 0, 0, 0, 0, 0, 0, 0, 0, 0, 0, 0, 0, 0, 0, 0, 0, 0]}",0
0,ORICA (0),lda,6,0.4722222222222222,0.4722222222222222,-0.05555555555555558,0.037560462951660156,0.03273272514343262,"{'n_components': 1, 'selected_features': [0, 1]}",0
0,ORICA (1),lda,6,0.5277777777777778,0.5277777777777778,0.05555555555555558,0.04206085205078125,0.03231358528137207,"{'n_components': 1, 'selected_features': [1, 0]}",0
0,Ext. Infomax,lda,6,0.7361111111111112,0.7361111111111112,0.4722222222222222,0.03242635726928711,1.4527647495269775,"{'n_components': 1, 'selected_features': [0, 0, 0, 0, 0, 0, 0, 0, 0, 0, 0, 0, 0, 1, 0, 0, 0, 0, 0, 0, 0, 0, 0, 0, 0, 0, 0, 0, 0, 0, 0, 1, 0, 0, 0, 0, 1, 0, 0, 0, 0, 0, 1, 0]}",0
1,Ext. Infomax,lda,6,0.6666666666666666,0.6666666666666666,0.33333333333333337,0.04026508331298828,1.1903183460235596,"{'n_components': 1, 'selected_features': [0, 0, 0, 0, 0, 0, 0, 0, 0, 1, 0, 0, 1, 0, 0, 0, 0, 0, 0, 0, 1, 0, 0, 0, 0, 0, 0, 0, 0, 0, 0, 0, 0, 0, 0, 0, 0, 0, 0, 0, 0, 0, 0, 0]}",0
2,Ext. Infomax,lda,6,0.6805555555555556,0.6805555555555556,0.36111111111111116,0.03239035606384277,1.172415018081665,"{'n_components': 1, 'selected_features': [0, 0, 0, 0, 0, 0, 0, 1, 0, 0, 0, 0, 1, 0, 0, 0, 0, 0, 0, 0, 0, 0, 0, 0, 0, 0, 0, 0, 0, 0, 0, 0, 0, 0, 0, 0, 0, 0, 0, 0, 0, 0, 1, 0]}",0
0,SOBI,lda,6,0.6527777777777778,0.6527777777777777,0.3055555555555556,0.032320261001586914,0.8859875202178955,"{'n_components': 1, 'selected_features': [0, 0, 0, 0, 0, 0, 0, 0, 0, 0, 0, 1, 0, 0, 0, 1, 0, 0, 0, 0, 0, 0, 0, 0, 0, 0, 0, 0, 0, 0, 0, 0, 0, 0, 0, 0, 0, 0, 0, 0, 0, 0, 0, 0]}",0
0,FastICA,lda,6,0.625,0.625,0.25,0.03248429298400879,1.1671016216278076,"{'n_components': 1, 'selected_features': [0, 0, 0, 0, 0, 0, 0, 0, 0, 0, 0, 0, 0, 1, 0, 0, 0, 0, 0, 0, 0, 0, 0, 0, 0, 0, 0, 0, 0, 0, 1, 0, 0, 0, 0, 0, 0, 0, 0, 0, 0, 0, 0, 1]}",0
1,FastICA,lda,6,0.7222222222222222,0.7222222222222222,0.4444444444444444,0.03284597396850586,1.178734302520752,"{'n_components': 1, 'selected_features': [0, 0, 0, 0, 0, 0, 0, 0, 1, 0, 0, 0, 0, 0, 1, 0, 0, 0, 0, 0, 0, 0, 0, 0, 0, 0, 0, 0, 1, 0, 0, 0, 0, 0, 0, 0, 0, 0, 0, 0, 0, 0, 0, 0]}",0
2,FastICA,lda,6,0.6388888888888888,0.6388888888888888,0.2777777777777778,0.032791852951049805,0.8865458965301514,"{'n_components': 1, 'selected_features': [0, 0, 0, 0, 0, 0, 0, 0, 0, 0, 0, 0, 0, 0, 1, 0, 0, 0, 0, 0, 0, 0, 0, 0, 0, 0, 0, 0, 0, 0, 0, 0, 0, 0, 0, 0, 0, 0, 0, 0, 0, 0, 0, 1]}",0
0,picard_o,lda,6,0.7638888888888888,0.7638888888888888,0.5277777777777778,0.03249692916870117,1.1746351718902588,"{'n_components': 1, 'selected_features': [0, 0, 1, 0, 0, 0, 0, 0, 0, 0, 0, 0, 0, 0, 1, 0, 0, 0, 0, 0, 0, 0, 0, 0, 0, 0, 0, 0, 0, 1, 0, 0, 0, 0, 0, 0, 0, 0, 0, 0, 0, 0, 0, 0]}",0
1,picard_o,lda,6,0.6805555555555556,0.6805555555555556,0.36111111111111116,0.032523393630981445,1.7264091968536377,"{'n_components': 1, 'selected_features': [0, 0, 0, 0, 1, 0, 0, 0, 0, 0, 0, 0, 0, 0, 0, 0, 0, 0, 1, 0, 0, 0, 0, 0, 0, 0, 1, 0, 0, 0, 0, 0, 1, 0, 0, 0, 0, 0, 0, 0, 0, 0, 1, 0]}",0
2,picard_o,lda,6,0.7777777777777778,0.7777777777777778,0.5555555555555556,0.032695770263671875,1.7260658740997314,"{'n_components': 1, 'selected_features': [0, 0, 1, 0, 1, 0, 1, 0, 0, 0, 0, 1, 0, 0, 0, 0, 0, 0, 1, 0, 0, 0, 0, 0, 0, 0, 0, 0, 0, 0, 0, 0, 0, 0, 0, 0, 0, 0, 0, 0, 0, 0, 0, 0]}",0
1,None,lda,6,0.7916666666666666,0.7916666666666667,0.5833333333333333,0.03227353096008301,1.1686458587646484,"{'n_components': 1, 'selected_features': [0, 0, 0, 1, 0, 0, 0, 0, 0, 0, 0, 0, 0, 0, 0, 0, 0, 0, 0, 1, 0, 1, 0, 0, 0, 0, 0, 0, 0, 0, 0, 0, 0, 0, 0, 0, 0, 0, 0, 0, 0, 0, 0, 0]}",1
2,None,lda,6,0.7916666666666666,0.7916666666666667,0.5833333333333333,0.03227353096008301,1.1686458587646484,"{'n_components': 1, 'selected_features': [0, 0, 0, 1, 0, 0, 0, 0, 0, 0, 0, 0, 0, 0, 0, 0, 0, 0, 0, 1, 0, 1, 0, 0, 0, 0, 0, 0, 0, 0, 0, 0, 0, 0, 0, 0, 0, 0, 0, 0, 0, 0, 0, 0]}",1
1,ORICA (0),lda,6,0.4722222222222222,0.4722222222222222,-0.05555555555555558,0.037560462951660156,0.03273272514343262,"{'n_components': 1, 'selected_features': [0, 1]}",1
2,ORICA (0),lda,6,0.4722222222222222,0.4722222222222222,-0.05555555555555558,0.037560462951660156,0.03273272514343262,"{'n_components': 1, 'selected_features': [0, 1]}",1
1,ORICA (1),lda,6,0.5277777777777778,0.5277777777777778,0.05555555555555558,0.04206085205078125,0.03231358528137207,"{'n_components': 1, 'selected_features': [1, 0]}",1
2,ORICA (1),lda,6,0.5277777777777778,0.5277777777777778,0.05555555555555558,0.04206085205078125,0.03231358528137207,"{'n_components': 1, 'selected_features': [1, 0]}",1
1,SOBI,lda,6,0.6527777777777778,0.6527777777777777,0.3055555555555556,0.032320261001586914,0.8859875202178955,"{'n_components': 1, 'selected_features': [0, 0, 0, 0, 0, 0, 0, 0, 0, 0, 0, 1, 0, 0, 0, 1, 0, 0, 0, 0, 0, 0, 0, 0, 0, 0, 0, 0, 0, 0, 0, 0, 0, 0, 0, 0, 0, 0, 0, 0, 0, 0, 0, 0]}",1
2,SOBI,lda,6,0.6527777777777778,0.6527777777777777,0.3055555555555556,0.032320261001586914,0.8859875202178955,"{'n_components': 1, 'selected_features': [0, 0, 0, 0, 0, 0, 0, 0, 0, 0, 0, 1, 0, 0, 0, 1, 0, 0, 0, 0, 0, 0, 0, 0, 0, 0, 0, 0, 0, 0, 0, 0, 0, 0, 0, 0, 0, 0, 0, 0, 0, 0, 0, 0]}",1
0,None,lda,7,0.625,0.625,0.25,0.032883405685424805,0.8910551071166992,"{'n_components': 1, 'selected_features': [0, 0, 0, 0, 0, 0, 0, 0, 0, 0, 0, 0, 0, 0, 0, 0, 0, 0, 0, 0, 0, 0, 0, 1, 1, 0, 0, 0, 0, 0, 0, 0, 0, 0, 0, 0, 0, 0, 0, 0, 0, 0, 0, 0]}",0
0,ORICA (0),lda,7,0.6805555555555556,0.6805555555555556,0.36111111111111116,0.054125308990478516,0.03249931335449219,"{'n_components': 1, 'selected_features': [0, 1]}",0
0,ORICA (1),lda,7,0.5555555555555556,0.5555555555555556,0.11111111111111116,0.04362058639526367,0.04635882377624512,"{'n_components': 1, 'selected_features': [1, 0]}",0
0,Ext. Infomax,lda,7,0.7777777777777778,0.7777777777777777,0.5555555555555556,0.050000667572021484,1.766657829284668,"{'n_components': 1, 'selected_features': [0, 0, 0, 0, 0, 0, 0, 0, 0, 0, 0, 0, 0, 0, 0, 1, 1, 0, 0, 0, 0, 1, 0, 0, 0, 0, 0, 0, 0, 0, 0, 0, 0, 0, 0, 0, 0, 0, 0, 0, 0, 0, 0, 0]}",0
1,Ext. Infomax,lda,7,0.8055555555555556,0.8055555555555556,0.6111111111111112,0.055811405181884766,1.7621657848358154,"{'n_components': 1, 'selected_features': [0, 0, 0, 0, 0, 0, 1, 0, 0, 0, 0, 0, 0, 0, 0, 0, 0, 0, 0, 0, 0, 0, 0, 0, 0, 1, 0, 0, 0, 0, 0, 0, 0, 1, 0, 0, 0, 0, 0, 0, 0, 0, 0, 0]}",0
2,Ext. Infomax,lda,7,0.875,0.875,0.75,0.05158543586730957,2.1944494247436523,"{'n_components': 1, 'selected_features': [0, 0, 0, 0, 0, 0, 0, 0, 0, 0, 0, 0, 0, 0, 1, 0, 0, 1, 0, 0, 0, 0, 1, 0, 0, 0, 0, 0, 0, 0, 0, 0, 0, 1, 0, 0, 0, 0, 0, 0, 0, 0, 0, 0]}",0
0,SOBI,lda,7,0.7083333333333334,0.7083333333333334,0.41666666666666663,0.05084538459777832,1.8490016460418701,"{'n_components': 1, 'selected_features': [0, 0, 0, 0, 0, 0, 0, 0, 0, 1, 0, 0, 0, 0, 0, 0, 0, 0, 0, 0, 0, 0, 0, 0, 0, 0, 0, 0, 0, 0, 0, 0, 0, 0, 1, 0, 1, 0, 0, 0, 0, 0, 0, 0]}",0
0,FastICA,lda,7,0.8055555555555556,0.8055555555555556,0.6111111111111112,0.045983076095581055,2.584812879562378,"{'n_components': 1, 'selected_features': [0, 0, 0, 0, 0, 0, 0, 0, 0, 0, 1, 0, 0, 0, 0, 0, 0, 0, 0, 1, 0, 0, 0, 1, 0, 1, 0, 0, 0, 0, 1, 0, 0, 0, 0, 0, 0, 0, 0, 0, 0, 0, 0, 0]}",0
1,FastICA,lda,7,0.8194444444444444,0.8194444444444444,0.6388888888888888,0.05003046989440918,2.1378977298736572,"{'n_components': 1, 'selected_features': [1, 0, 0, 0, 0, 0, 0, 0, 0, 0, 0, 0, 0, 0, 0, 0, 0, 0, 1, 0, 0, 0, 0, 0, 0, 1, 0, 0, 0, 0, 0, 0, 0, 0, 0, 0, 0, 0, 0, 0, 0, 0, 1, 0]}",0
2,FastICA,lda,7,0.8055555555555556,0.8055555555555556,0.6111111111111112,0.05281209945678711,1.724949598312378,"{'n_components': 1, 'selected_features': [1, 0, 0, 0, 0, 0, 0, 0, 0, 0, 0, 0, 0, 0, 0, 1, 0, 0, 0, 0, 0, 1, 0, 0, 0, 0, 0, 0, 0, 0, 0, 0, 0, 0, 0, 0, 0, 0, 0, 0, 0, 0, 0, 0]}",0
0,picard_o,lda,7,0.7777777777777778,0.7777777777777778,0.5555555555555556,0.04994010925292969,1.752483606338501,"{'n_components': 1, 'selected_features': [0, 0, 0, 0, 0, 0, 0, 0, 0, 0, 0, 0, 0, 0, 1, 0, 0, 1, 0, 0, 0, 1, 0, 0, 0, 0, 0, 0, 0, 0, 0, 0, 0, 0, 0, 0, 0, 0, 0, 0, 0, 0, 0, 0]}",0
1,picard_o,lda,7,0.7777777777777778,0.7777777777777778,0.5555555555555556,0.04990506172180176,1.8065686225891113,"{'n_components': 1, 'selected_features': [0, 0, 0, 0, 0, 0, 0, 0, 0, 0, 0, 0, 0, 0, 1, 0, 0, 1, 0, 0, 0, 1, 0, 0, 0, 0, 0, 0, 0, 0, 0, 0, 0, 0, 0, 0, 0, 0, 0, 0, 0, 0, 0, 0]}",0
2,picard_o,lda,7,0.8888888888888888,0.8888888888888888,0.7777777777777778,0.055947065353393555,2.523078203201294,"{'n_components': 1, 'selected_features': [1, 0, 0, 0, 0, 0, 0, 0, 0, 0, 0, 0, 0, 0, 0, 0, 1, 0, 0, 0, 0, 0, 1, 0, 0, 1, 0, 0, 0, 0, 0, 1, 0, 0, 0, 0, 0, 0, 0, 0, 0, 0, 0, 0]}",0
1,None,lda,7,0.625,0.625,0.25,0.032883405685424805,0.8910551071166992,"{'n_components': 1, 'selected_features': [0, 0, 0, 0, 0, 0, 0, 0, 0, 0, 0, 0, 0, 0, 0, 0, 0, 0, 0, 0, 0, 0, 0, 1, 1, 0, 0, 0, 0, 0, 0, 0, 0, 0, 0, 0, 0, 0, 0, 0, 0, 0, 0, 0]}",1
2,None,lda,7,0.625,0.625,0.25,0.032883405685424805,0.8910551071166992,"{'n_components': 1, 'selected_features': [0, 0, 0, 0, 0, 0, 0, 0, 0, 0, 0, 0, 0, 0, 0, 0, 0, 0, 0, 0, 0, 0, 0, 1, 1, 0, 0, 0, 0, 0, 0, 0, 0, 0, 0, 0, 0, 0, 0, 0, 0, 0, 0, 0]}",1
1,ORICA (0),lda,7,0.6805555555555556,0.6805555555555556,0.36111111111111116,0.054125308990478516,0.03249931335449219,"{'n_components': 1, 'selected_features': [0, 1]}",1
2,ORICA (0),lda,7,0.6805555555555556,0.6805555555555556,0.36111111111111116,0.054125308990478516,0.03249931335449219,"{'n_components': 1, 'selected_features': [0, 1]}",1
1,ORICA (1),lda,7,0.5555555555555556,0.5555555555555556,0.11111111111111116,0.04362058639526367,0.04635882377624512,"{'n_components': 1, 'selected_features': [1, 0]}",1
2,ORICA (1),lda,7,0.5555555555555556,0.5555555555555556,0.11111111111111116,0.04362058639526367,0.04635882377624512,"{'n_components': 1, 'selected_features': [1, 0]}",1
1,SOBI,lda,7,0.7083333333333334,0.7083333333333334,0.41666666666666663,0.05084538459777832,1.8490016460418701,"{'n_components': 1, 'selected_features': [0, 0, 0, 0, 0, 0, 0, 0, 0, 1, 0, 0, 0, 0, 0, 0, 0, 0, 0, 0, 0, 0, 0, 0, 0, 0, 0, 0, 0, 0, 0, 0, 0, 0, 1, 0, 1, 0, 0, 0, 0, 0, 0, 0]}",1
2,SOBI,lda,7,0.7083333333333334,0.7083333333333334,0.41666666666666663,0.05084538459777832,1.8490016460418701,"{'n_components': 1, 'selected_features': [0, 0, 0, 0, 0, 0, 0, 0, 0, 1, 0, 0, 0, 0, 0, 0, 0, 0, 0, 0, 0, 0, 0, 0, 0, 0, 0, 0, 0, 0, 0, 0, 0, 0, 1, 0, 1, 0, 0, 0, 0, 0, 0, 0]}",1
0,None,lda,8,0.7638888888888888,0.7638888888888888,0.5277777777777778,0.057385921478271484,1.6847999095916748,"{'n_components': 1, 'selected_features': [0, 0, 1, 0, 0, 0, 0, 0, 1, 0, 0, 0, 0, 0, 0, 0, 0, 0, 0, 0, 0, 0, 0, 0, 0, 0, 0, 0, 0, 0, 0, 0, 0, 0, 1, 0, 0, 0, 0, 0, 0, 0, 0, 0]}",0
0,ORICA (0),lda,8,0.6805555555555556,0.6805555555555556,0.36111111111111116,0.04787588119506836,0.02539205551147461,"{'n_components': 1, 'selected_features': [1, 0]}",0
0,ORICA (1),lda,8,0.6527777777777778,0.6527777777777778,0.3055555555555556,0.05002760887145996,0.04482316970825195,"{'n_components': 1, 'selected_features': [1, 0]}",0
0,Ext. Infomax,lda,8,0.9722222222222222,0.9722222222222222,0.9444444444444444,0.04972100257873535,1.3137571811676025,"{'n_components': 1, 'selected_features': [0, 0, 0, 0, 0, 0, 1, 0, 0, 0, 1, 0, 0, 0, 0, 0, 0, 0, 0, 0, 0, 0, 0, 0, 0, 0, 0, 0, 0, 0, 0, 0, 0, 0, 0, 0, 0, 0, 0, 0, 0, 0, 0, 0]}",0
1,Ext. Infomax,lda,8,0.9722222222222222,0.9722222222222222,0.9444444444444444,0.044538259506225586,1.2165858745574951,"{'n_components': 1, 'selected_features': [0, 0, 0, 0, 0, 0, 1, 0, 1, 0, 0, 0, 0, 0, 0, 0, 0, 0, 0, 0, 0, 0, 0, 0, 0, 0, 0, 0, 0, 0, 0, 0, 0, 0, 0, 0, 0, 0, 0, 0, 0, 0, 0, 0]}",0
2,Ext. Infomax,lda,8,0.9722222222222222,0.9722222222222222,0.9444444444444444,0.047593116760253906,1.7227070331573486,"{'n_components': 1, 'selected_features': [0, 0, 0, 0, 0, 1, 1, 0, 0, 1, 0, 0, 0, 0, 0, 0, 0, 0, 0, 0, 0, 0, 0, 0, 0, 0, 0, 0, 0, 0, 0, 0, 0, 0, 0, 0, 0, 0, 0, 0, 0, 0, 0, 0]}",0
0,SOBI,lda,8,0.875,0.875,0.75,0.05608224868774414,2.6780009269714355,"{'n_components': 1, 'selected_features': [0, 0, 0, 0, 0, 0, 0, 0, 0, 0, 0, 0, 0, 0, 1, 0, 0, 0, 0, 0, 0, 0, 0, 0, 0, 0, 1, 0, 1, 0, 0, 0, 0, 0, 1, 0, 0, 0, 0, 0, 0, 0, 0, 0]}",0
0,FastICA,lda,8,1.0,1.0,1.0,0.04723668098449707,2.2106802463531494,"{'n_components': 1, 'selected_features': [0, 0, 0, 0, 0, 0, 1, 0, 1, 1, 1, 0, 0, 0, 0, 0, 0, 0, 0, 0, 0, 0, 0, 0, 0, 0, 0, 0, 0, 0, 0, 0, 0, 0, 0, 0, 0, 0, 0, 0, 0, 0, 0, 0]}",0
1,FastICA,lda,8,1.0,1.0,1.0,0.04297161102294922,2.1315345764160156,"{'n_components': 1, 'selected_features': [0, 0, 0, 0, 0, 0, 1, 0, 1, 1, 0, 0, 1, 0, 0, 0, 0, 0, 0, 0, 0, 0, 0, 0, 0, 0, 0, 0, 0, 0, 0, 0, 0, 0, 0, 0, 0, 0, 0, 0, 0, 0, 0, 0]}",0
2,FastICA,lda,8,0.9722222222222222,0.9722222222222222,0.9444444444444444,0.045241594314575195,1.645948886871338,"{'n_components': 1, 'selected_features': [0, 0, 0, 0, 0, 0, 0, 0, 1, 0, 0, 0, 1, 0, 0, 0, 0, 0, 0, 0, 0, 0, 0, 0, 0, 0, 0, 0, 0, 0, 0, 0, 0, 0, 1, 0, 0, 0, 0, 0, 0, 0, 0, 0]}",0
0,picard_o,lda,8,1.0,1.0,1.0,0.06347370147705078,2.1680471897125244,"{'n_components': 1, 'selected_features': [0, 0, 0, 0, 0, 0, 1, 0, 1, 1, 1, 0, 0, 0, 0, 0, 0, 0, 0, 0, 0, 0, 0, 0, 0, 0, 0, 0, 0, 0, 0, 0, 0, 0, 0, 0, 0, 0, 0, 0, 0, 0, 0, 0]}",0
1,picard_o,lda,8,1.0,1.0,1.0,0.05177736282348633,2.131859064102173,"{'n_components': 1, 'selected_features': [0, 0, 0, 0, 0, 0, 1, 0, 1, 1, 1, 0, 0, 0, 0, 0, 0, 0, 0, 0, 0, 0, 0, 0, 0, 0, 0, 0, 0, 0, 0, 0, 0, 0, 0, 0, 0, 0, 0, 0, 0, 0, 0, 0]}",0
2,picard_o,lda,8,1.0,1.0,1.0,0.05382561683654785,2.122457504272461,"{'n_components': 1, 'selected_features': [0, 0, 0, 0, 0, 0, 1, 0, 1, 1, 1, 0, 0, 0, 0, 0, 0, 0, 0, 0, 0, 0, 0, 0, 0, 0, 0, 0, 0, 0, 0, 0, 0, 0, 0, 0, 0, 0, 0, 0, 0, 0, 0, 0]}",0
1,None,lda,8,0.7638888888888888,0.7638888888888888,0.5277777777777778,0.057385921478271484,1.6847999095916748,"{'n_components': 1, 'selected_features': [0, 0, 1, 0, 0, 0, 0, 0, 1, 0, 0, 0, 0, 0, 0, 0, 0, 0, 0, 0, 0, 0, 0, 0, 0, 0, 0, 0, 0, 0, 0, 0, 0, 0, 1, 0, 0, 0, 0, 0, 0, 0, 0, 0]}",1
2,None,lda,8,0.7638888888888888,0.7638888888888888,0.5277777777777778,0.057385921478271484,1.6847999095916748,"{'n_components': 1, 'selected_features': [0, 0, 1, 0, 0, 0, 0, 0, 1, 0, 0, 0, 0, 0, 0, 0, 0, 0, 0, 0, 0, 0, 0, 0, 0, 0, 0, 0, 0, 0, 0, 0, 0, 0, 1, 0, 0, 0, 0, 0, 0, 0, 0, 0]}",1
1,ORICA (0),lda,8,0.6805555555555556,0.6805555555555556,0.36111111111111116,0.04787588119506836,0.02539205551147461,"{'n_components': 1, 'selected_features': [1, 0]}",1
2,ORICA (0),lda,8,0.6805555555555556,0.6805555555555556,0.36111111111111116,0.04787588119506836,0.02539205551147461,"{'n_components': 1, 'selected_features': [1, 0]}",1
1,ORICA (1),lda,8,0.6527777777777778,0.6527777777777778,0.3055555555555556,0.05002760887145996,0.04482316970825195,"{'n_components': 1, 'selected_features': [1, 0]}",1
2,ORICA (1),lda,8,0.6527777777777778,0.6527777777777778,0.3055555555555556,0.05002760887145996,0.04482316970825195,"{'n_components': 1, 'selected_features': [1, 0]}",1
1,SOBI,lda,8,0.875,0.875,0.75,0.05608224868774414,2.6780009269714355,"{'n_components': 1, 'selected_features': [0, 0, 0, 0, 0, 0, 0, 0, 0, 0, 0, 0, 0, 0, 1, 0, 0, 0, 0, 0, 0, 0, 0, 0, 0, 0, 1, 0, 1, 0, 0, 0, 0, 0, 1, 0, 0, 0, 0, 0, 0, 0, 0, 0]}",1
2,SOBI,lda,8,0.875,0.875,0.75,0.05608224868774414,2.6780009269714355,"{'n_components': 1, 'selected_features': [0, 0, 0, 0, 0, 0, 0, 0, 0, 0, 0, 0, 0, 0, 1, 0, 0, 0, 0, 0, 0, 0, 0, 0, 0, 0, 1, 0, 1, 0, 0, 0, 0, 0, 1, 0, 0, 0, 0, 0, 0, 0, 0, 0]}",1
0,None,lda,9,0.8194444444444444,0.8194444444444444,0.6388888888888888,0.04767417907714844,1.6887197494506836,"{'n_components': 1, 'selected_features': [0, 0, 0, 0, 1, 0, 0, 0, 0, 0, 0, 0, 0, 0, 0, 0, 0, 0, 0, 0, 0, 1, 0, 0, 0, 0, 0, 0, 0, 0, 0, 0, 0, 0, 1, 0, 0, 0, 0, 0, 0, 0, 0, 0]}",0
0,ORICA (0),lda,9,0.6111111111111112,0.6111111111111112,0.2222222222222222,0.05166745185852051,0.03264617919921875,"{'n_components': 1, 'selected_features': [1, 0]}",0
0,ORICA (1),lda,9,0.5416666666666666,0.5416666666666666,0.08333333333333337,0.044281959533691406,0.034409284591674805,"{'n_components': 1, 'selected_features': [0, 1]}",0
0,Ext. Infomax,lda,9,0.8194444444444444,0.8194444444444444,0.6388888888888888,0.03267788887023926,0.8865973949432373,"{'n_components': 1, 'selected_features': [0, 0, 0, 0, 0, 0, 0, 0, 0, 0, 0, 0, 0, 0, 1, 0, 0, 1, 0, 0, 0, 0, 0, 0, 0, 0, 0, 0, 0, 0, 0, 0, 0, 0, 0, 0, 0, 0, 0, 0, 0, 0, 0, 0]}",0
1,Ext. Infomax,lda,9,0.9027777777777778,0.9027777777777778,0.8055555555555556,0.03281235694885254,2.0154693126678467,"{'n_components': 1, 'selected_features': [1, 0, 0, 0, 0, 0, 0, 0, 0, 0, 0, 0, 1, 0, 0, 1, 0, 0, 0, 1, 1, 0, 0, 0, 0, 0, 0, 0, 0, 0, 0, 0, 0, 0, 0, 0, 0, 0, 0, 0, 0, 1, 0, 0]}",0
2,Ext. Infomax,lda,9,0.875,0.875,0.75,0.03297924995422363,2.0419259071350098,"{'n_components': 1, 'selected_features': [1, 0, 0, 0, 1, 1, 0, 0, 0, 0, 0, 0, 1, 0, 0, 0, 0, 1, 0, 0, 0, 0, 1, 0, 0, 0, 0, 0, 0, 0, 0, 0, 0, 0, 0, 0, 0, 0, 0, 0, 0, 0, 0, 0]}",0
0,SOBI,lda,9,0.8333333333333334,0.8333333333333333,0.6666666666666667,0.03492164611816406,0.5892782211303711,"{'n_components': 1, 'selected_features': [0, 0, 0, 0, 0, 0, 0, 0, 0, 0, 0, 0, 0, 0, 0, 0, 0, 0, 0, 0, 0, 0, 1, 0, 0, 0, 0, 0, 0, 0, 0, 0, 0, 0, 0, 0, 0, 0, 0, 0, 0, 0, 0, 0]}",0
0,FastICA,lda,9,0.8888888888888888,0.8888888888888888,0.7777777777777778,0.03412127494812012,2.3225066661834717,"{'n_components': 1, 'selected_features': [1, 0, 0, 0, 0, 0, 0, 1, 0, 0, 0, 0, 1, 1, 0, 0, 0, 0, 0, 0, 0, 0, 1, 0, 1, 1, 0, 0, 0, 0, 0, 0, 0, 0, 0, 0, 0, 0, 0, 0, 0, 0, 0, 0]}",0
1,FastICA,lda,9,0.8611111111111112,0.8611111111111112,0.7222222222222222,0.0401148796081543,1.4996495246887207,"{'n_components': 1, 'selected_features': [0, 0, 0, 0, 0, 0, 0, 0, 0, 0, 1, 0, 0, 0, 0, 0, 0, 1, 0, 0, 0, 0, 0, 0, 1, 0, 0, 1, 0, 0, 0, 0, 0, 0, 0, 0, 0, 0, 0, 0, 0, 0, 0, 0]}",0
2,FastICA,lda,9,0.9027777777777778,0.9027777777777778,0.8055555555555556,0.0325617790222168,1.738363265991211,"{'n_components': 1, 'selected_features': [1, 0, 0, 0, 1, 1, 0, 0, 0, 0, 0, 0, 1, 0, 0, 0, 0, 0, 0, 0, 0, 0, 0, 0, 0, 0, 0, 0, 0, 0, 0, 0, 0, 0, 0, 1, 0, 0, 0, 0, 0, 0, 0, 0]}",0
0,picard_o,lda,9,0.8333333333333334,0.8333333333333333,0.6666666666666667,0.03272056579589844,1.224687099456787,"{'n_components': 1, 'selected_features': [0, 0, 0, 0, 0, 0, 0, 0, 0, 0, 0, 0, 0, 0, 0, 0, 0, 0, 0, 0, 0, 1, 0, 0, 0, 0, 1, 0, 0, 0, 0, 1, 0, 0, 0, 0, 0, 0, 0, 0, 0, 0, 0, 0]}",0
1,picard_o,lda,9,0.8333333333333334,0.8333333333333333,0.6666666666666667,0.03299307823181152,0.9972100257873535,"{'n_components': 1, 'selected_features': [0, 0, 0, 0, 0, 0, 0, 0, 0, 0, 0, 0, 0, 0, 0, 0, 0, 0, 0, 0, 0, 0, 1, 0, 0, 0, 0, 0, 0, 1, 0, 0, 0, 0, 0, 0, 0, 0, 0, 0, 0, 0, 0, 0]}",0
2,picard_o,lda,9,0.8333333333333334,0.8333333333333333,0.6666666666666667,0.032135963439941406,1.175166368484497,"{'n_components': 1, 'selected_features': [0, 0, 0, 0, 0, 0, 0, 0, 0, 0, 0, 0, 0, 0, 0, 0, 0, 0, 0, 0, 0, 1, 0, 0, 0, 0, 1, 0, 0, 0, 0, 1, 0, 0, 0, 0, 0, 0, 0, 0, 0, 0, 0, 0]}",0
1,None,lda,9,0.8194444444444444,0.8194444444444444,0.6388888888888888,0.04767417907714844,1.6887197494506836,"{'n_components': 1, 'selected_features': [0, 0, 0, 0, 1, 0, 0, 0, 0, 0, 0, 0, 0, 0, 0, 0, 0, 0, 0, 0, 0, 1, 0, 0, 0, 0, 0, 0, 0, 0, 0, 0, 0, 0, 1, 0, 0, 0, 0, 0, 0, 0, 0, 0]}",1
2,None,lda,9,0.8194444444444444,0.8194444444444444,0.6388888888888888,0.04767417907714844,1.6887197494506836,"{'n_components': 1, 'selected_features': [0, 0, 0, 0, 1, 0, 0, 0, 0, 0, 0, 0, 0, 0, 0, 0, 0, 0, 0, 0, 0, 1, 0, 0, 0, 0, 0, 0, 0, 0, 0, 0, 0, 0, 1, 0, 0, 0, 0, 0, 0, 0, 0, 0]}",1
1,ORICA (0),lda,9,0.6111111111111112,0.6111111111111112,0.2222222222222222,0.05166745185852051,0.03264617919921875,"{'n_components': 1, 'selected_features': [1, 0]}",1
2,ORICA (0),lda,9,0.6111111111111112,0.6111111111111112,0.2222222222222222,0.05166745185852051,0.03264617919921875,"{'n_components': 1, 'selected_features': [1, 0]}",1
1,ORICA (1),lda,9,0.5416666666666666,0.5416666666666666,0.08333333333333337,0.044281959533691406,0.034409284591674805,"{'n_components': 1, 'selected_features': [0, 1]}",1
2,ORICA (1),lda,9,0.5416666666666666,0.5416666666666666,0.08333333333333337,0.044281959533691406,0.034409284591674805,"{'n_components': 1, 'selected_features': [0, 1]}",1
1,SOBI,lda,9,0.8333333333333334,0.8333333333333333,0.6666666666666667,0.03492164611816406,0.5892782211303711,"{'n_components': 1, 'selected_features': [0, 0, 0, 0, 0, 0, 0, 0, 0, 0, 0, 0, 0, 0, 0, 0, 0, 0, 0, 0, 0, 0, 1, 0, 0, 0, 0, 0, 0, 0, 0, 0, 0, 0, 0, 0, 0, 0, 0, 0, 0, 0, 0, 0]}",1
2,SOBI,lda,9,0.8333333333333334,0.8333333333333333,0.6666666666666667,0.03492164611816406,0.5892782211303711,"{'n_components': 1, 'selected_features': [0, 0, 0, 0, 0, 0, 0, 0, 0, 0, 0, 0, 0, 0, 0, 0, 0, 0, 0, 0, 0, 0, 1, 0, 0, 0, 0, 0, 0, 0, 0, 0, 0, 0, 0, 0, 0, 0, 0, 0, 0, 0, 0, 0]}",1
